[
    {
        "email": "parinitha1911@gmail.com",
        "message": "I really liked the model. Hope to add few more crops.",
        "name": "Parinitha"
    },
    {
        "email": "pari@gmail.com",
        "message": "Very Useful.",
        "name": "pari"
    },
    {
        "email": "pari@gmail.com",
        "message": "The model is very good",
        "name": "afv"
    },
    {
        "email": "raj123@gmail.com",
        "message": "Very helpful.",
        "name": "Raj"
    }
]